{
  "precision": 0.7280550774526678,
  "recall": 0.2692552514322088,
  "f1": 0.39312267657992567
}